Sofia,Tres,6448,sofiatres6448@mars.com,1LI^cHdO,35,F,B2
Paola,Lopez,9137,paolalopez9137@mars.com,F1w[svwp,28,F,A7
Jeff,Piety,8801,jeffpiety8801@mars.com,N6xauP:f,29,M,B4
Ruth,Duarte,9671,ruthduarte9671@mars.com,"G""a8ILcu",35,F,B9
Anna,Solo,6281,annasolo6281@mars.com,Eyk1x$Xf,37,F,B10
Ricky,Flynn,6155,rickyflynn6155@mars.com,\7zxkZNk,45,M,A10
Andrea,Lazo,8795,andrealazo8795@mars.com,HT7Xyb[r,36,F,A3
John,Malta,6477,johnmalta6477@mars.com,x9SrfKy/,37,M,A5
Jenny,Turun,1267,jennyturun1267@mars.com,ovP`QP2u,34,F,B5
Alex,Bustamante,9061,alexbustamante9061@mars.com,zQQ6K~ei,38,M,B1
Luna,Marchs,1326,lunamarchs1326@mars.com,jat2kMJ',38,F,B6
Pinguino,Panda,4075,pinguinopanda4075@mars.com,Gyx%5EFj,69,M,B8
